<?xml version="1.0" encoding="UTF-8"?>
<metadata xml:lang="pt"><Esri><CreaDate>20230508</CreaDate><CreaTime>22422000</CreaTime><ArcGISFormat>1.0</ArcGISFormat><SyncOnce>FALSE</SyncOnce><DataProperties><itemProps><itemName Sync="TRUE">Setor Censitário</itemName><imsContentType Sync="TRUE">002</imsContentType><itemSize Sync="TRUE">0.000</itemSize><itemLocation><linkage Sync="TRUE">file://\\DESKTOP-SUD3RCR\D$\Mapa São João Base 2023\Setor Censitário.shp</linkage><protocol Sync="TRUE">Local Area Network</protocol></itemLocation></itemProps><coordRef><type Sync="TRUE">Geographic</type><geogcsn Sync="TRUE">GCS_SIRGAS_2000</geogcsn><csUnits Sync="TRUE">Angular Unit: Degree (0.017453)</csUnits><peXml Sync="TRUE">&lt;GeographicCoordinateSystem xsi:type='typens:GeographicCoordinateSystem' xmlns:xsi='http://www.w3.org/2001/XMLSchema-instance' xmlns:xs='http://www.w3.org/2001/XMLSchema' xmlns:typens='http://www.esri.com/schemas/ArcGIS/3.0.0'&gt;&lt;WKT&gt;GEOGCS[&amp;quot;GCS_SIRGAS_2000&amp;quot;,DATUM[&amp;quot;D_SIRGAS_2000&amp;quot;,SPHEROID[&amp;quot;GRS_1980&amp;quot;,6378137.0,298.257222101]],PRIMEM[&amp;quot;Greenwich&amp;quot;,0.0],UNIT[&amp;quot;Degree&amp;quot;,0.0174532925199433],AUTHORITY[&amp;quot;EPSG&amp;quot;,4674]]&lt;/WKT&gt;&lt;XOrigin&gt;-399.99999999999989&lt;/XOrigin&gt;&lt;YOrigin&gt;-399.99999999999989&lt;/YOrigin&gt;&lt;XYScale&gt;11258999068426.24&lt;/XYScale&gt;&lt;ZOrigin&gt;-100000&lt;/ZOrigin&gt;&lt;ZScale&gt;10000&lt;/ZScale&gt;&lt;MOrigin&gt;-100000&lt;/MOrigin&gt;&lt;MScale&gt;10000&lt;/MScale&gt;&lt;XYTolerance&gt;8.9831528411952133e-09&lt;/XYTolerance&gt;&lt;ZTolerance&gt;0.001&lt;/ZTolerance&gt;&lt;MTolerance&gt;0.001&lt;/MTolerance&gt;&lt;HighPrecision&gt;true&lt;/HighPrecision&gt;&lt;LeftLongitude&gt;-180&lt;/LeftLongitude&gt;&lt;WKID&gt;4674&lt;/WKID&gt;&lt;LatestWKID&gt;4674&lt;/LatestWKID&gt;&lt;/GeographicCoordinateSystem&gt;</peXml></coordRef><lineage><Process ToolSource="c:\program files\arcgis\pro\Resources\ArcToolbox\toolboxes\Conversion Tools.tbx\ExportFeatures" Date="20230508" Time="224221">ExportFeatures MG_Setores_2021 "D:\Mapa São João do Paraíso\Shapes Corretos\Setor Censitário.shp" # NOT_USE_ALIAS "CD_SETOR "CD_SETOR" true true false 15 Text 0 0,First,#,MG_Setores_2021,CD_SETOR,0,15;CD_SIT "CD_SIT" true true false 1 Text 0 0,First,#,MG_Setores_2021,CD_SIT,0,1;NM_SIT "NM_SIT" true true false 50 Text 0 0,First,#,MG_Setores_2021,NM_SIT,0,50;CD_UF "CD_UF" true true false 2 Text 0 0,First,#,MG_Setores_2021,CD_UF,0,2;NM_UF "NM_UF" true true false 50 Text 0 0,First,#,MG_Setores_2021,NM_UF,0,50;SIGLA_UF "SIGLA_UF" true true false 2 Text 0 0,First,#,MG_Setores_2021,SIGLA_UF,0,2;CD_MUN "CD_MUN" true true false 7 Text 0 0,First,#,MG_Setores_2021,CD_MUN,0,7;NM_MUN "NM_MUN" true true false 60 Text 0 0,First,#,MG_Setores_2021,NM_MUN,0,60;CD_DIST "CD_DIST" true true false 9 Text 0 0,First,#,MG_Setores_2021,CD_DIST,0,9;NM_DIST "NM_DIST" true true false 100 Text 0 0,First,#,MG_Setores_2021,NM_DIST,0,100;CD_SUBDIST "CD_SUBDIST" true true false 11 Text 0 0,First,#,MG_Setores_2021,CD_SUBDIST,0,11;NM_SUBDIST "NM_SUBDIST" true true false 100 Text 0 0,First,#,MG_Setores_2021,NM_SUBDIST,0,100" #</Process><Process ToolSource="c:\program files\arcgis\pro\Resources\ArcToolbox\toolboxes\Conversion Tools.tbx\ExportFeatures" Date="20230508" Time="232604">ExportFeatures "Setor Censitário" "D:\Mapa São João Base 2023\Setor Censitário.shp" # NOT_USE_ALIAS "CD_SETOR "CD_SETOR" true true false 15 Text 0 0,First,#,Setor Censitário,CD_SETOR,0,15;CD_SIT "CD_SIT" true true false 1 Text 0 0,First,#,Setor Censitário,CD_SIT,0,1;NM_SIT "NM_SIT" true true false 50 Text 0 0,First,#,Setor Censitário,NM_SIT,0,50;CD_UF "CD_UF" true true false 2 Text 0 0,First,#,Setor Censitário,CD_UF,0,2;NM_UF "NM_UF" true true false 50 Text 0 0,First,#,Setor Censitário,NM_UF,0,50;SIGLA_UF "SIGLA_UF" true true false 2 Text 0 0,First,#,Setor Censitário,SIGLA_UF,0,2;CD_MUN "CD_MUN" true true false 7 Text 0 0,First,#,Setor Censitário,CD_MUN,0,7;NM_MUN "NM_MUN" true true false 60 Text 0 0,First,#,Setor Censitário,NM_MUN,0,60;CD_DIST "CD_DIST" true true false 9 Text 0 0,First,#,Setor Censitário,CD_DIST,0,9;NM_DIST "NM_DIST" true true false 100 Text 0 0,First,#,Setor Censitário,NM_DIST,0,100;CD_SUBDIST "CD_SUBDIST" true true false 11 Text 0 0,First,#,Setor Censitário,CD_SUBDIST,0,11;NM_SUBDIST "NM_SUBDIST" true true false 100 Text 0 0,First,#,Setor Censitário,NM_SUBDIST,0,100" #</Process></lineage></DataProperties><SyncDate>20230508</SyncDate><SyncTime>23260400</SyncTime><ModDate>20230508</ModDate><ModTime>23260400</ModTime></Esri><dataIdInfo><envirDesc Sync="TRUE">Microsoft Windows 10 Version 10.0 (Build 19045) ; Esri ArcGIS 13.0.0.36056</envirDesc><dataLang><languageCode value="por" Sync="TRUE"></languageCode><countryCode value="BRA" Sync="TRUE"></countryCode></dataLang><idCitation><resTitle Sync="TRUE">Setor Censitário</resTitle><presForm><PresFormCd value="005" Sync="TRUE"></PresFormCd></presForm></idCitation><spatRpType><SpatRepTypCd value="001" Sync="TRUE"></SpatRepTypCd></spatRpType></dataIdInfo><mdLang><languageCode value="por" Sync="TRUE"></languageCode><countryCode value="BRA" Sync="TRUE"></countryCode></mdLang><mdChar><CharSetCd value="004" Sync="TRUE"></CharSetCd></mdChar><distInfo><distFormat><formatName Sync="TRUE">Shapefile</formatName></distFormat><distTranOps><transSize Sync="TRUE">0.000</transSize></distTranOps></distInfo><mdHrLv><ScopeCd value="005" Sync="TRUE"></ScopeCd></mdHrLv><mdHrLvName Sync="TRUE">dataset</mdHrLvName><refSysInfo><RefSystem><refSysID><identCode code="4674" Sync="TRUE"></identCode><idCodeSpace Sync="TRUE">EPSG</idCodeSpace><idVersion Sync="TRUE">6.11(9.2.0)</idVersion></refSysID></RefSystem></refSysInfo><spatRepInfo><VectSpatRep><geometObjs Name="Setor Censitário"><geoObjTyp><GeoObjTypCd value="002" Sync="TRUE"></GeoObjTypCd></geoObjTyp><geoObjCnt Sync="TRUE">0</geoObjCnt></geometObjs><topLvl><TopoLevCd value="001" Sync="TRUE"></TopoLevCd></topLvl></VectSpatRep></spatRepInfo><spdoinfo><ptvctinf><esriterm Name="Setor Censitário"><efeatyp Sync="TRUE">Simple</efeatyp><efeageom code="4" Sync="TRUE"></efeageom><esritopo Sync="TRUE">FALSE</esritopo><efeacnt Sync="TRUE">0</efeacnt><spindex Sync="TRUE">FALSE</spindex><linrefer Sync="TRUE">FALSE</linrefer></esriterm></ptvctinf></spdoinfo><eainfo><detailed Name="Setor Censitário"><enttyp><enttypl Sync="TRUE">Setor Censitário</enttypl><enttypt Sync="TRUE">Feature Class</enttypt><enttypc Sync="TRUE">0</enttypc></enttyp><attr><attrlabl Sync="TRUE">FID</attrlabl><attalias Sync="TRUE">FID</attalias><attrtype Sync="TRUE">OID</attrtype><attwidth Sync="TRUE">4</attwidth><atprecis Sync="TRUE">0</atprecis><attscale Sync="TRUE">0</attscale><attrdef Sync="TRUE">Internal feature number.</attrdef><attrdefs Sync="TRUE">Esri</attrdefs><attrdomv><udom Sync="TRUE">Sequential unique whole numbers that are automatically generated.</udom></attrdomv></attr><attr><attrlabl Sync="TRUE">Shape</attrlabl><attalias Sync="TRUE">Shape</attalias><attrtype Sync="TRUE">Geometry</attrtype><attwidth Sync="TRUE">0</attwidth><atprecis Sync="TRUE">0</atprecis><attscale Sync="TRUE">0</attscale><attrdef Sync="TRUE">Feature geometry.</attrdef><attrdefs Sync="TRUE">Esri</attrdefs><attrdomv><udom Sync="TRUE">Coordinates defining the features.</udom></attrdomv></attr><attr><attrlabl Sync="TRUE">CD_SETOR</attrlabl><attalias Sync="TRUE">CD_SETOR</attalias><attrtype Sync="TRUE">String</attrtype><attwidth Sync="TRUE">15</attwidth><atprecis Sync="TRUE">0</atprecis><attscale Sync="TRUE">0</attscale></attr><attr><attrlabl Sync="TRUE">CD_SIT</attrlabl><attalias Sync="TRUE">CD_SIT</attalias><attrtype Sync="TRUE">String</attrtype><attwidth Sync="TRUE">1</attwidth><atprecis Sync="TRUE">0</atprecis><attscale Sync="TRUE">0</attscale></attr><attr><attrlabl Sync="TRUE">NM_SIT</attrlabl><attalias Sync="TRUE">NM_SIT</attalias><attrtype Sync="TRUE">String</attrtype><attwidth Sync="TRUE">50</attwidth><atprecis Sync="TRUE">0</atprecis><attscale Sync="TRUE">0</attscale></attr><attr><attrlabl Sync="TRUE">CD_UF</attrlabl><attalias Sync="TRUE">CD_UF</attalias><attrtype Sync="TRUE">String</attrtype><attwidth Sync="TRUE">2</attwidth><atprecis Sync="TRUE">0</atprecis><attscale Sync="TRUE">0</attscale></attr><attr><attrlabl Sync="TRUE">NM_UF</attrlabl><attalias Sync="TRUE">NM_UF</attalias><attrtype Sync="TRUE">String</attrtype><attwidth Sync="TRUE">50</attwidth><atprecis Sync="TRUE">0</atprecis><attscale Sync="TRUE">0</attscale></attr><attr><attrlabl Sync="TRUE">SIGLA_UF</attrlabl><attalias Sync="TRUE">SIGLA_UF</attalias><attrtype Sync="TRUE">String</attrtype><attwidth Sync="TRUE">2</attwidth><atprecis Sync="TRUE">0</atprecis><attscale Sync="TRUE">0</attscale></attr><attr><attrlabl Sync="TRUE">CD_MUN</attrlabl><attalias Sync="TRUE">CD_MUN</attalias><attrtype Sync="TRUE">String</attrtype><attwidth Sync="TRUE">7</attwidth><atprecis Sync="TRUE">0</atprecis><attscale Sync="TRUE">0</attscale></attr><attr><attrlabl Sync="TRUE">NM_MUN</attrlabl><attalias Sync="TRUE">NM_MUN</attalias><attrtype Sync="TRUE">String</attrtype><attwidth Sync="TRUE">60</attwidth><atprecis Sync="TRUE">0</atprecis><attscale Sync="TRUE">0</attscale></attr><attr><attrlabl Sync="TRUE">CD_DIST</attrlabl><attalias Sync="TRUE">CD_DIST</attalias><attrtype Sync="TRUE">String</attrtype><attwidth Sync="TRUE">9</attwidth><atprecis Sync="TRUE">0</atprecis><attscale Sync="TRUE">0</attscale></attr><attr><attrlabl Sync="TRUE">NM_DIST</attrlabl><attalias Sync="TRUE">NM_DIST</attalias><attrtype Sync="TRUE">String</attrtype><attwidth Sync="TRUE">100</attwidth><atprecis Sync="TRUE">0</atprecis><attscale Sync="TRUE">0</attscale></attr><attr><attrlabl Sync="TRUE">CD_SUBDIST</attrlabl><attalias Sync="TRUE">CD_SUBDIST</attalias><attrtype Sync="TRUE">String</attrtype><attwidth Sync="TRUE">11</attwidth><atprecis Sync="TRUE">0</atprecis><attscale Sync="TRUE">0</attscale></attr><attr><attrlabl Sync="TRUE">NM_SUBDIST</attrlabl><attalias Sync="TRUE">NM_SUBDIST</attalias><attrtype Sync="TRUE">String</attrtype><attwidth Sync="TRUE">100</attwidth><atprecis Sync="TRUE">0</atprecis><attscale Sync="TRUE">0</attscale></attr></detailed></eainfo><mdDateSt Sync="TRUE">20230508</mdDateSt></metadata>
