<?xml version="1.0" encoding="UTF-8"?>
<metadata xml:lang="pt"><Esri><CreaDate>20191114</CreaDate><CreaTime>13560300</CreaTime><ArcGISFormat>1.0</ArcGISFormat><SyncOnce>FALSE</SyncOnce><DataProperties><lineage><Process ToolSource="c:\program files (x86)\arcgis\desktop10.3\ArcToolbox\Toolboxes\Data Management Tools.tbx\CalculateField" Date="20180607" Time="154351">CalculateField País País "BR" VB #</Process><Process ToolSource="c:\program files (x86)\arcgis\desktop10.3\ArcToolbox\Toolboxes\Data Management Tools.tbx\CalculateField" Date="20180607" Time="154427">CalculateField País Nombre "Brasil" VB #</Process><Process ToolSource="c:\program files (x86)\arcgis\desktop10.3\ArcToolbox\Toolboxes\Data Management Tools.tbx\CalculateField" Date="20180607" Time="154649">CalculateField País Población "207660929" VB #</Process><Process ToolSource="c:\program files (x86)\arcgis\desktop10.2\ArcToolbox\Toolboxes\Data Management Tools.tbx\FeatureToPolygon" Date="20180615" Time="101331">FeatureToPolygon D:\Marta\GTOD\Revisao_Limites\LIMITE_MIAS_BC250_REVISADO\Pais.shp D:\Marta\GTOD\Revisao_Limites\LIMITE_MIAS_BC250_REVISADO\Limite_Mias_BC250_REV20180614.gdb\topo_lm\Pais_A_20180614 # ATTRIBUTES #</Process><Process Name="Add Field (4)" ToolSource="c:\program files (x86)\arcgis\desktop10.3\ArcToolbox\Toolboxes\Data Management Tools.tbx\AddField" Date="20180627" Time="095500">AddField Pais_A_20180614 DIFERENCA TEXT # # 50 # NULLABLE NON_REQUIRED #</Process><Process Name="Add Field (4)" ToolSource="c:\program files (x86)\arcgis\desktop10.3\ArcToolbox\Toolboxes\Data Management Tools.tbx\AddField" Date="20180627" Time="115035">AddField Pais_A_20180614 DIFERENCA TEXT # # 50 # NULLABLE NON_REQUIRED #</Process><Process ToolSource="c:\program files (x86)\arcgis\desktop10.3\ArcToolbox\Toolboxes\Data Management Tools.tbx\CopyFeatures" Date="20190823" Time="072729">CopyFeatures "E:\Andre\BDIA_VEG_Revisado_240719\Nova pasta\LM_Brasil_Sirgas_20180614.shp" "E:\Andre\BDIA_VEG_Revisado_240719\Nova pasta\230819.gdb\Temp_1\LM_Brasil_Sirgas_20180614" # 0 0 0</Process><Process ToolSource="c:\program files (x86)\arcgis\desktop10.3\ArcToolbox\Toolboxes\Data Management Tools.tbx\DeleteField" Date="20190828" Time="094317">DeleteField "E:\Andre\BDIA_VEG_Revisado_240719\Nova pasta\Unir.gdb\Temp\LM_Brasil_Sirgas_20180614" OBJECTID;DIFERENCA;Shape_Leng</Process><Process Name="Copy Features" ToolSource="c:\program files (x86)\arcgis\desktop10.3\ArcToolbox\Toolboxes\Data Management Tools.tbx\CopyFeatures" Date="20190828" Time="104124">CopyFeatures LM_Brasil_Sirgas_20180614_Lax "E:\Andre\BDIA_VEG_Revisado_240719\Nova pasta\Unir.gdb\Temp\Trr" # 0 0 0</Process><Process Name="Union (2)" ToolSource="c:\program files (x86)\arcgis\desktop10.3\ArcToolbox\Toolboxes\Analysis Tools.tbx\Union" Date="20190828" Time="104141">Union "'E:\Andre\BDIA_VEG_Revisado_240719\Nova pasta\Unir.gdb\Temp\Trr' #;'E:\Andre\BDIA_VEG_Revisado_240719\Nova pasta\Unir.gdb\Temp\BiomaG' #" "E:\Andre\BDIA_VEG_Revisado_240719\Nova pasta\Unir.gdb\Temp\Union" ALL # NO_GAPS</Process><Process Name="Multipart To Singlepart (2)" ToolSource="c:\program files (x86)\arcgis\desktop10.3\ArcToolbox\Toolboxes\Data Management Tools.tbx\MultipartToSinglepart" Date="20190828" Time="104146">MultipartToSinglepart "E:\Andre\BDIA_VEG_Revisado_240719\Nova pasta\Unir.gdb\Temp\Union" "E:\Andre\BDIA_VEG_Revisado_240719\Nova pasta\Unir.gdb\Temp\Unionsp"</Process><Process Name="Copy Features (3)" ToolSource="c:\program files (x86)\arcgis\desktop10.3\ArcToolbox\Toolboxes\Data Management Tools.tbx\CopyFeatures" Date="20190828" Time="104151">CopyFeatures Unionsp_Layer "E:\Andre\BDIA_VEG_Revisado_240719\Nova pasta\Unir.gdb\Temp\Trr2" # 0 0 0</Process><Process Name="Eliminate" ToolSource="c:\program files (x86)\arcgis\desktop10.3\ArcToolbox\Toolboxes\Data Management Tools.tbx\Eliminate" Date="20190828" Time="104215">Eliminate Trr2_Layer1 "E:\Andre\BDIA_VEG_Revisado_240719\Nova pasta\Unir.gdb\Temp\Unione" LENGTH # #</Process><Process Name="Dissolve" ToolSource="c:\program files (x86)\arcgis\desktop10.3\ArcToolbox\Toolboxes\Data Management Tools.tbx\Dissolve" Date="20190828" Time="104219">Dissolve "E:\Andre\BDIA_VEG_Revisado_240719\Nova pasta\Unir.gdb\Temp\Unione" "E:\Andre\BDIA_VEG_Revisado_240719\Nova pasta\Unir.gdb\Temp\UnionFinal_Dissolve" Bioma # SINGLE_PART DISSOLVE_LINES</Process><Process Name="Merge" ToolSource="c:\program files (x86)\arcgis\desktop10.3\ArcToolbox\Toolboxes\Data Management Tools.tbx\Merge" Date="20190828" Time="104224">Merge 'E:\Andre\BDIA_VEG_Revisado_240719\Nova pasta\Unir.gdb\Temp\UnionFinal_Dissolve';'E:\Andre\BDIA_VEG_Revisado_240719\Nova pasta\Unir.gdb\Temp\BioIlha' "E:\Andre\BDIA_VEG_Revisado_240719\Nova pasta\Unir.gdb\Temp\BiomaGF" "Bioma "Bioma" true true false 255 Text 0 0 ,First,#,E:\Andre\BDIA_VEG_Revisado_240719\Nova pasta\Unir.gdb\Temp\UnionFinal_Dissolve,Bioma,-1,-1,E:\Andre\BDIA_VEG_Revisado_240719\Nova pasta\Unir.gdb\Temp\BioIlha,Bioma,-1,-1;Shape_Length "Shape_Length" false true true 8 Double 0 0 ,First,#,E:\Andre\BDIA_VEG_Revisado_240719\Nova pasta\Unir.gdb\Temp\UnionFinal_Dissolve,Shape_Length,-1,-1,E:\Andre\BDIA_VEG_Revisado_240719\Nova pasta\Unir.gdb\Temp\BioIlha,Shape_Length,-1,-1;Shape_Area "Shape_Area" false true true 8 Double 0 0 ,First,#,E:\Andre\BDIA_VEG_Revisado_240719\Nova pasta\Unir.gdb\Temp\UnionFinal_Dissolve,Shape_Area,-1,-1,E:\Andre\BDIA_VEG_Revisado_240719\Nova pasta\Unir.gdb\Temp\BioIlha,Shape_Area,-1,-1"</Process><Process Name="Add Field (2)" ToolSource="c:\program files (x86)\arcgis\desktop10.3\ArcToolbox\Toolboxes\Data Management Tools.tbx\AddField" Date="20190828" Time="104225">AddField "E:\Andre\BDIA_VEG_Revisado_240719\Nova pasta\Unir.gdb\Temp\BiomaGF" Vex FLOAT # # # # NULLABLE NON_REQUIRED #</Process><Process Name="Calculate Field (3)" ToolSource="c:\program files (x86)\arcgis\desktop10.3\ArcToolbox\Toolboxes\Data Management Tools.tbx\CalculateField" Date="20190828" Time="104225">CalculateField "E:\Andre\BDIA_VEG_Revisado_240719\Nova pasta\Unir.gdb\Temp\BiomaGF" Vex !shape!.pointcount PYTHON_9.3 #</Process><Process ToolSource="c:\program files (x86)\arcgis\desktop10.3\ArcToolbox\Toolboxes\Conversion Tools.tbx\FeatureClassToFeatureClass" Date="20190828" Time="104525">FeatureClassToFeatureClass "E:\Andre\BDIA_VEG_Revisado_240719\Nova pasta\Unir.gdb\Temp\BiomaGF" "E:\Andre\BDIA_VEG_Revisado_240719\Nova pasta" BioGF.shp # "Bioma "Bioma" true true false 255 Text 0 0 ,First,#,E:\Andre\BDIA_VEG_Revisado_240719\Nova pasta\Unir.gdb\Temp\BiomaGF,Bioma,-1,-1;Shape_Leng "Shape_Leng" false true true 8 Double 0 0 ,First,#,E:\Andre\BDIA_VEG_Revisado_240719\Nova pasta\Unir.gdb\Temp\BiomaGF,Shape_Length,-1,-1;Shape_Area "Shape_Area" false true true 8 Double 0 0 ,First,#,E:\Andre\BDIA_VEG_Revisado_240719\Nova pasta\Unir.gdb\Temp\BiomaGF,Shape_Area,-1,-1;Vex "Vex" true true false 4 Float 0 0 ,First,#,E:\Andre\BDIA_VEG_Revisado_240719\Nova pasta\Unir.gdb\Temp\BiomaGF,Vex,-1,-1" #</Process><Process ToolSource="c:\program files (x86)\arcgis\desktop10.3\ArcToolbox\Toolboxes\Data Management Tools.tbx\CalculateField" Date="20190930" Time="150911">CalculateField lm_bioma_250 Area_km_1 [area_km] VB #</Process><Process ToolSource="c:\program files (x86)\arcgis\desktop10.3\ArcToolbox\Toolboxes\Data Management Tools.tbx\CalculateField" Date="20190930" Time="150941">CalculateField lm_bioma_250 Area_km [Area_km] VB #</Process><Process ToolSource="c:\program files (x86)\arcgis\desktop10.3\ArcToolbox\Toolboxes\Data Management Tools.tbx\CalculateField" Date="20190930" Time="150954">CalculateField lm_bioma_250 Area_km [Area_km_1] VB #</Process><Process ToolSource="c:\program files (x86)\arcgis\desktop10.7\ArcToolbox\Toolboxes\Analysis Tools.tbx\Clip" Date="20191114" Time="135332">Clip lm_bioma_250 MG_limite_estadual "T:\Geoprocessamento\Nucleo_barreiro\ATLAS DIGITAL GEOAMBIENTAL\MINAS GERAIS\SHAPES\MG_biomas\2019\MG_Biomas_250mil\MG_Biomas_250mil.shp" #</Process><Process ToolSource="c:\program files (x86)\arcgis\desktop10.7\ArcToolbox\Toolboxes\Data Management Tools.tbx\AddField" Date="20191114" Time="140323">AddField MG_Biomas_final Download_S TEXT 0 0 250 Download_S NULLABLE NON_REQUIRED #</Process><Process ToolSource="c:\program files (x86)\arcgis\desktop10.7\ArcToolbox\Toolboxes\Data Management Tools.tbx\AddField" Date="20191114" Time="140324">AddField MG_Biomas_final Download_k TEXT 0 0 250 Download_S NULLABLE NON_REQUIRED #</Process><Process ToolSource="c:\program files (x86)\arcgis\desktop10.7\ArcToolbox\Toolboxes\Data Management Tools.tbx\AddField" Date="20191114" Time="140325">AddField MG_Biomas_final Datum_O TEXT 0 0 250 Download_S NULLABLE NON_REQUIRED #</Process><Process ToolSource="c:\program files (x86)\arcgis\desktop10.7\ArcToolbox\Toolboxes\Data Management Tools.tbx\AddField" Date="20191114" Time="140326">AddField MG_Biomas_final Datum_A TEXT 0 0 250 Download_S NULLABLE NON_REQUIRED #</Process><Process ToolSource="c:\program files (x86)\arcgis\desktop10.7\ArcToolbox\Toolboxes\Data Management Tools.tbx\CalculateField" Date="20191114" Time="144154">CalculateField MG_Biomas_final Datum_O 'SIRGAS 2000' PYTHON_9.3 #</Process><Process ToolSource="c:\program files (x86)\arcgis\desktop10.7\ArcToolbox\Toolboxes\Data Management Tools.tbx\CalculateField" Date="20191114" Time="144216">CalculateField MG_Biomas_final Datum_A 'WGS 1984' PYTHON_9.3 #</Process><Process ToolSource="c:\program files (x86)\arcgis\desktop10.6\ArcToolbox\Toolboxes\Analysis Tools.tbx\Clip" Date="20191217" Time="101103">Clip MG_Biomas_final "Limite Municipio" "C:\Users\geniltonpereira\Documents\Mapa São João do Paraíso\Shapes Corretos\Biomas.shp" #</Process><Process ToolSource="c:\program files\arcgis\pro\Resources\ArcToolbox\toolboxes\Conversion Tools.tbx\ExportFeatures" Date="20230508" Time="232834">ExportFeatures Biomas "D:\Mapa São João Base 2023\Biomas.shp" # NOT_USE_ALIAS "Bioma "Bioma" true true false 254 Text 0 0,First,#,Biomas,Bioma,0,254;CD_Bioma "CD_Bioma" true true false 5 Long 0 5,First,#,Biomas,CD_Bioma,-1,-1;Download_S "Download_S" true true false 250 Text 0 0,First,#,Biomas,Download_S,0,250;Download_k "Download_k" true true false 250 Text 0 0,First,#,Biomas,Download_k,0,250;Datum_O "Datum_O" true true false 250 Text 0 0,First,#,Biomas,Datum_O,0,250;Datum_A "Datum_A" true true false 250 Text 0 0,First,#,Biomas,Datum_A,0,250" #</Process></lineage><itemProps><itemName Sync="TRUE">Biomas</itemName><imsContentType Sync="TRUE">002</imsContentType><itemLocation><linkage Sync="TRUE">file://\\DESKTOP-SUD3RCR\D$\Mapa São João Base 2023\Biomas.shp</linkage><protocol Sync="TRUE">Local Area Network</protocol></itemLocation><itemSize Sync="TRUE">0.000</itemSize></itemProps><coordRef><type Sync="TRUE">Geographic</type><geogcsn Sync="TRUE">GCS_WGS_1984</geogcsn><csUnits Sync="TRUE">Angular Unit: Degree (0.017453)</csUnits><peXml Sync="TRUE">&lt;GeographicCoordinateSystem xsi:type='typens:GeographicCoordinateSystem' xmlns:xsi='http://www.w3.org/2001/XMLSchema-instance' xmlns:xs='http://www.w3.org/2001/XMLSchema' xmlns:typens='http://www.esri.com/schemas/ArcGIS/3.0.0'&gt;&lt;WKT&gt;GEOGCS[&amp;quot;GCS_WGS_1984&amp;quot;,DATUM[&amp;quot;D_WGS_1984&amp;quot;,SPHEROID[&amp;quot;WGS_1984&amp;quot;,6378137.0,298.257223563]],PRIMEM[&amp;quot;Greenwich&amp;quot;,0.0],UNIT[&amp;quot;Degree&amp;quot;,0.0174532925199433],AUTHORITY[&amp;quot;EPSG&amp;quot;,4326]]&lt;/WKT&gt;&lt;XOrigin&gt;-399.99999999999989&lt;/XOrigin&gt;&lt;YOrigin&gt;-399.99999999999989&lt;/YOrigin&gt;&lt;XYScale&gt;11258999068426.24&lt;/XYScale&gt;&lt;ZOrigin&gt;-100000&lt;/ZOrigin&gt;&lt;ZScale&gt;10000&lt;/ZScale&gt;&lt;MOrigin&gt;-100000&lt;/MOrigin&gt;&lt;MScale&gt;10000&lt;/MScale&gt;&lt;XYTolerance&gt;8.9831528411952133e-09&lt;/XYTolerance&gt;&lt;ZTolerance&gt;0.001&lt;/ZTolerance&gt;&lt;MTolerance&gt;0.001&lt;/MTolerance&gt;&lt;HighPrecision&gt;true&lt;/HighPrecision&gt;&lt;LeftLongitude&gt;-180&lt;/LeftLongitude&gt;&lt;WKID&gt;4326&lt;/WKID&gt;&lt;LatestWKID&gt;4326&lt;/LatestWKID&gt;&lt;/GeographicCoordinateSystem&gt;</peXml></coordRef><copyHistory><copy source="D:\Marta\Biomas\Shapes_Finais\lm_bioma_250" dest="\\ibge.gov.br\DGC-CREN\05-PROJETOS\Biomas_250\08_Resultados\finais_entrega\lm_bioma_250" date="20191001" time="13582000"></copy></copyHistory></DataProperties><SyncDate>20230508</SyncDate><SyncTime>23283300</SyncTime><ModDate>20230508</ModDate><ModTime>23283300</ModTime></Esri><dataIdInfo><envirDesc Sync="TRUE">Microsoft Windows 10 Version 10.0 (Build 19045) ; Esri ArcGIS 13.0.0.36056</envirDesc><dataLang><languageCode value="por" Sync="TRUE"></languageCode><countryCode value="BRA" Sync="TRUE"></countryCode></dataLang><idCitation><resTitle Sync="TRUE">Biomas</resTitle><presForm><PresFormCd value="005" Sync="TRUE"></PresFormCd></presForm></idCitation><spatRpType><SpatRepTypCd value="001" Sync="TRUE"></SpatRepTypCd></spatRpType></dataIdInfo><mdLang><languageCode value="por" Sync="TRUE"></languageCode><countryCode value="BRA" Sync="TRUE"></countryCode></mdLang><distInfo><distFormat><formatName Sync="TRUE">Shapefile</formatName></distFormat><distTranOps><transSize Sync="TRUE">0.000</transSize></distTranOps></distInfo><mdHrLv><ScopeCd value="005" Sync="TRUE"></ScopeCd></mdHrLv><mdHrLvName Sync="TRUE">dataset</mdHrLvName><refSysInfo><RefSystem><refSysID><identCode code="4326" Sync="TRUE"></identCode><idCodeSpace Sync="TRUE">EPSG</idCodeSpace><idVersion Sync="TRUE">6.2(3.0.1)</idVersion></refSysID></RefSystem></refSysInfo><spatRepInfo><VectSpatRep><geometObjs Name="Biomas"><geoObjTyp><GeoObjTypCd value="002" Sync="TRUE"></GeoObjTypCd></geoObjTyp><geoObjCnt Sync="TRUE">0</geoObjCnt></geometObjs><topLvl><TopoLevCd value="001" Sync="TRUE"></TopoLevCd></topLvl></VectSpatRep></spatRepInfo><spdoinfo><ptvctinf><esriterm Name="Biomas"><efeatyp Sync="TRUE">Simple</efeatyp><efeageom code="4" Sync="TRUE"></efeageom><esritopo Sync="TRUE">FALSE</esritopo><efeacnt Sync="TRUE">0</efeacnt><spindex Sync="TRUE">FALSE</spindex><linrefer Sync="TRUE">FALSE</linrefer></esriterm></ptvctinf></spdoinfo><eainfo><detailed Name="Biomas"><enttyp><enttypl Sync="TRUE">Biomas</enttypl><enttypt Sync="TRUE">Feature Class</enttypt><enttypc Sync="TRUE">0</enttypc></enttyp><attr><attrlabl Sync="TRUE">FID</attrlabl><attalias Sync="TRUE">FID</attalias><attrtype Sync="TRUE">OID</attrtype><attwidth Sync="TRUE">4</attwidth><atprecis Sync="TRUE">0</atprecis><attscale Sync="TRUE">0</attscale><attrdef Sync="TRUE">Internal feature number.</attrdef><attrdefs Sync="TRUE">Esri</attrdefs><attrdomv><udom Sync="TRUE">Sequential unique whole numbers that are automatically generated.</udom></attrdomv></attr><attr><attrlabl Sync="TRUE">Shape</attrlabl><attalias Sync="TRUE">Shape</attalias><attrtype Sync="TRUE">Geometry</attrtype><attwidth Sync="TRUE">0</attwidth><atprecis Sync="TRUE">0</atprecis><attscale Sync="TRUE">0</attscale><attrdef Sync="TRUE">Feature geometry.</attrdef><attrdefs Sync="TRUE">Esri</attrdefs><attrdomv><udom Sync="TRUE">Coordinates defining the features.</udom></attrdomv></attr><attr><attrlabl Sync="TRUE">Bioma</attrlabl><attalias Sync="TRUE">Bioma</attalias><attrtype Sync="TRUE">String</attrtype><attwidth Sync="TRUE">254</attwidth><atprecis Sync="TRUE">0</atprecis><attscale Sync="TRUE">0</attscale></attr><attr><attrlabl Sync="TRUE">CD_Bioma</attrlabl><attalias Sync="TRUE">CD_Bioma</attalias><attrtype Sync="TRUE">Integer</attrtype><attwidth Sync="TRUE">5</attwidth><atprecis Sync="TRUE">5</atprecis><attscale Sync="TRUE">0</attscale></attr><attr><attrlabl Sync="TRUE">Download_S</attrlabl><attalias Sync="TRUE">Download_S</attalias><attrtype Sync="TRUE">String</attrtype><attwidth Sync="TRUE">250</attwidth><atprecis Sync="TRUE">0</atprecis><attscale Sync="TRUE">0</attscale></attr><attr><attrlabl Sync="TRUE">Download_k</attrlabl><attalias Sync="TRUE">Download_k</attalias><attrtype Sync="TRUE">String</attrtype><attwidth Sync="TRUE">250</attwidth><atprecis Sync="TRUE">0</atprecis><attscale Sync="TRUE">0</attscale></attr><attr><attrlabl Sync="TRUE">Datum_O</attrlabl><attalias Sync="TRUE">Datum_O</attalias><attrtype Sync="TRUE">String</attrtype><attwidth Sync="TRUE">250</attwidth><atprecis Sync="TRUE">0</atprecis><attscale Sync="TRUE">0</attscale></attr><attr><attrlabl Sync="TRUE">Datum_A</attrlabl><attalias Sync="TRUE">Datum_A</attalias><attrtype Sync="TRUE">String</attrtype><attwidth Sync="TRUE">250</attwidth><atprecis Sync="TRUE">0</atprecis><attscale Sync="TRUE">0</attscale></attr></detailed></eainfo><mdDateSt Sync="TRUE">20230508</mdDateSt><mdChar><CharSetCd value="004" Sync="TRUE"></CharSetCd></mdChar></metadata>
