<?xml version="1.0" encoding="UTF-8"?>
<metadata xml:lang="pt"><Esri><CreaDate>20191022</CreaDate><CreaTime>14400000</CreaTime><ArcGISFormat>1.0</ArcGISFormat><SyncOnce>FALSE</SyncOnce><DataProperties><lineage><Process ToolSource="c:\program files (x86)\arcgis\desktop10.5\ArcToolbox\Toolboxes\Data Management Tools.tbx\CalculateField" Date="20191022" Time="144000">CalculateField 0101_pardo_pa_hidro_otto_lin Nome_bacia 'Pardo' PYTHON_9.3 #</Process><Process ToolSource="c:\program files (x86)\arcgis\desktop10.5\ArcToolbox\Toolboxes\Data Management Tools.tbx\AddField" Date="20191028" Time="153707">AddField 0101_pardo_pa_hidro_otto_lin Download_S TEXT 0 0 250 Download_S NULLABLE NON_REQUIRED #</Process><Process ToolSource="c:\program files (x86)\arcgis\desktop10.5\ArcToolbox\Toolboxes\Data Management Tools.tbx\AddField" Date="20191028" Time="160108">AddField 0101_pardo_pa_hidro_otto_lin Download_k TEXT 0 0 250 Download_S NULLABLE NON_REQUIRED #</Process><Process ToolSource="c:\program files (x86)\arcgis\desktop10.5\ArcToolbox\Toolboxes\Data Management Tools.tbx\AddField" Date="20191028" Time="160119">AddField 0101_pardo_pa_hidro_otto_lin Datum_O TEXT 0 0 250 Download_S NULLABLE NON_REQUIRED #</Process><Process ToolSource="c:\program files (x86)\arcgis\desktop10.5\ArcToolbox\Toolboxes\Data Management Tools.tbx\AddField" Date="20191028" Time="160131">AddField 0101_pardo_pa_hidro_otto_lin Datum_A TEXT 0 0 250 Download_S NULLABLE NON_REQUIRED #</Process><Process ToolSource="c:\program files (x86)\arcgis\desktop10.6\ArcToolbox\Toolboxes\Analysis Tools.tbx\Clip" Date="20191217" Time="100728">Clip 0101_pardo_pa_hidro_otto_lin "Limite Municipio" "C:\Users\geniltonpereira\Documents\Mapa São João do Paraíso\Shapes Corretos\Rios.shp" #</Process><Process ToolSource="c:\program files\arcgis\pro\Resources\ArcToolbox\toolboxes\Conversion Tools.tbx\ExportFeatures" Date="20230508" Time="232347">ExportFeatures Rios "D:\Mapa São João Base 2023\Rios e Cursos D'agua.shp" # NOT_USE_ALIAS "objectid "objectid" true true false 9 Long 0 9,First,#,Rios,objectid,-1,-1;id "id" true true false 9 Long 0 9,First,#,Rios,id,-1,-1;vertices "vertices" true true false 9 Long 0 9,First,#,Rios,vertices,-1,-1;ordem "ordem" true true false 9 Long 0 9,First,#,Rios,ordem,-1,-1;flip "flip" true true false 9 Long 0 9,First,#,Rios,flip,-1,-1;del1 "del1" true true false 254 Text 0 0,First,#,Rios,del1,0,254;shape_leng "shape_leng" true true false 19 Double 15 18,First,#,Rios,shape_leng,-1,-1;cotrecho "cotrecho" true true false 9 Long 0 9,First,#,Rios,cotrecho,-1,-1;cocursodag "cocursodag" true true false 254 Text 0 0,First,#,Rios,cocursodag,0,254;cobacia "cobacia" true true false 254 Text 0 0,First,#,Rios,cobacia,0,254;corio "corio" true true false 254 Text 0 0,First,#,Rios,corio,0,254;codom "codom" true true false 9 Long 0 9,First,#,Rios,codom,-1,-1;dedominial "dedominial" true true false 254 Text 0 0,First,#,Rios,dedominial,0,254;nucomptrec "nucomptrec" true true false 19 Double 15 18,First,#,Rios,nucomptrec,-1,-1;nudistbact "nudistbact" true true false 19 Double 15 18,First,#,Rios,nudistbact,-1,-1;nudistcdag "nudistcdag" true true false 19 Double 15 18,First,#,Rios,nudistcdag,-1,-1;nuareacont "nuareacont" true true false 19 Double 15 18,First,#,Rios,nuareacont,-1,-1;nuareamont "nuareamont" true true false 19 Double 15 18,First,#,Rios,nuareamont,-1,-1;nunivotto "nunivotto" true true false 9 Long 0 9,First,#,Rios,nunivotto,-1,-1;dedirec "dedirec" true true false 9 Long 0 9,First,#,Rios,dedirec,-1,-1;decorpodag "decorpodag" true true false 254 Text 0 0,First,#,Rios,decorpodag,0,254;deligacao "deligacao" true true false 254 Text 0 0,First,#,Rios,deligacao,0,254;norio "norio" true true false 254 Text 0 0,First,#,Rios,norio,0,254;noriocomp "noriocomp" true true false 254 Text 0 0,First,#,Rios,noriocomp,0,254;nucomprio "nucomprio" true true false 19 Double 15 18,First,#,Rios,nucomprio,-1,-1;nudistbacr "nudistbacr" true true false 19 Double 15 18,First,#,Rios,nudistbacr,-1,-1;cocdadesag "cocdadesag" true true false 254 Text 0 0,First,#,Rios,cocdadesag,0,254;nucompcda "nucompcda" true true false 19 Double 15 18,First,#,Rios,nucompcda,-1,-1;nutrjus "nutrjus" true true false 9 Long 0 9,First,#,Rios,nutrjus,-1,-1;nutrmon "nutrmon" true true false 9 Long 0 9,First,#,Rios,nutrmon,-1,-1;nutrafl "nutrafl" true true false 9 Long 0 9,First,#,Rios,nutrafl,-1,-1;nudistbacc "nudistbacc" true true false 19 Double 15 18,First,#,Rios,nudistbacc,-1,-1;nuareabacc "nuareabacc" true true false 19 Double 15 18,First,#,Rios,nuareabacc,-1,-1;nuordemcda "nuordemcda" true true false 9 Long 0 9,First,#,Rios,nuordemcda,-1,-1;nunivotcda "nunivotcda" true true false 9 Long 0 9,First,#,Rios,nunivotcda,-1,-1;nulondetre "nulondetre" true true false 19 Double 15 18,First,#,Rios,nulondetre,-1,-1;nulatdetre "nulatdetre" true true false 19 Double 15 18,First,#,Rios,nulatdetre,-1,-1;nulonpatre "nulonpatre" true true false 19 Double 15 18,First,#,Rios,nulonpatre,-1,-1;nulatpatre "nulatpatre" true true false 19 Double 15 18,First,#,Rios,nulatpatre,-1,-1;nulondecda "nulondecda" true true false 19 Double 15 18,First,#,Rios,nulondecda,-1,-1;nulatdecda "nulatdecda" true true false 19 Double 15 18,First,#,Rios,nulatdecda,-1,-1;nulonpacda "nulonpacda" true true false 19 Double 15 18,First,#,Rios,nulonpacda,-1,-1;nulatpacda "nulatpacda" true true false 19 Double 15 18,First,#,Rios,nulatpacda,-1,-1;nulonderio "nulonderio" true true false 19 Double 15 18,First,#,Rios,nulonderio,-1,-1;nulatderio "nulatderio" true true false 19 Double 15 18,First,#,Rios,nulatderio,-1,-1;nulonpario "nulonpario" true true false 19 Double 15 18,First,#,Rios,nulonpario,-1,-1;nulatpario "nulatpario" true true false 19 Double 15 18,First,#,Rios,nulatpario,-1,-1;dtversao "dtversao" true true false 254 Text 0 0,First,#,Rios,dtversao,0,254;Nome_bacia "Nome_bacia" true true false 50 Text 0 0,First,#,Rios,Nome_bacia,0,50;Download_S "Download_S" true true false 250 Text 0 0,First,#,Rios,Download_S,0,250;Download_k "Download_k" true true false 250 Text 0 0,First,#,Rios,Download_k,0,250;Datum_O "Datum_O" true true false 250 Text 0 0,First,#,Rios,Datum_O,0,250;Datum_A "Datum_A" true true false 250 Text 0 0,First,#,Rios,Datum_A,0,250" #</Process></lineage><itemProps><itemName Sync="TRUE">Rios e Cursos D'agua</itemName><imsContentType Sync="TRUE">002</imsContentType><itemSize Sync="TRUE">0.000</itemSize><itemLocation><linkage Sync="TRUE">file://\\DESKTOP-SUD3RCR\D$\Mapa São João Base 2023\Rios e Cursos D'agua.shp</linkage><protocol Sync="TRUE">Local Area Network</protocol></itemLocation></itemProps><coordRef><type Sync="TRUE">Geographic</type><geogcsn Sync="TRUE">GCS_SIRGAS_2000</geogcsn><csUnits Sync="TRUE">Angular Unit: Degree (0.017453)</csUnits><peXml Sync="TRUE">&lt;GeographicCoordinateSystem xsi:type='typens:GeographicCoordinateSystem' xmlns:xsi='http://www.w3.org/2001/XMLSchema-instance' xmlns:xs='http://www.w3.org/2001/XMLSchema' xmlns:typens='http://www.esri.com/schemas/ArcGIS/3.0.0'&gt;&lt;WKT&gt;GEOGCS[&amp;quot;GCS_SIRGAS_2000&amp;quot;,DATUM[&amp;quot;D_SIRGAS_2000&amp;quot;,SPHEROID[&amp;quot;GRS_1980&amp;quot;,6378137.0,298.257222101]],PRIMEM[&amp;quot;Greenwich&amp;quot;,0.0],UNIT[&amp;quot;Degree&amp;quot;,0.0174532925199433],AUTHORITY[&amp;quot;EPSG&amp;quot;,4674]]&lt;/WKT&gt;&lt;XOrigin&gt;-399.99999999999989&lt;/XOrigin&gt;&lt;YOrigin&gt;-399.99999999999989&lt;/YOrigin&gt;&lt;XYScale&gt;11258999068426.24&lt;/XYScale&gt;&lt;ZOrigin&gt;-100000&lt;/ZOrigin&gt;&lt;ZScale&gt;10000&lt;/ZScale&gt;&lt;MOrigin&gt;-100000&lt;/MOrigin&gt;&lt;MScale&gt;10000&lt;/MScale&gt;&lt;XYTolerance&gt;8.9831528411952133e-09&lt;/XYTolerance&gt;&lt;ZTolerance&gt;0.001&lt;/ZTolerance&gt;&lt;MTolerance&gt;0.001&lt;/MTolerance&gt;&lt;HighPrecision&gt;true&lt;/HighPrecision&gt;&lt;LeftLongitude&gt;-180&lt;/LeftLongitude&gt;&lt;WKID&gt;4674&lt;/WKID&gt;&lt;LatestWKID&gt;4674&lt;/LatestWKID&gt;&lt;/GeographicCoordinateSystem&gt;</peXml></coordRef></DataProperties><SyncDate>20230508</SyncDate><SyncTime>23234600</SyncTime><ModDate>20230508</ModDate><ModTime>23234600</ModTime></Esri><dataIdInfo><envirDesc Sync="TRUE">Microsoft Windows 10 Version 10.0 (Build 19045) ; Esri ArcGIS 13.0.0.36056</envirDesc><dataLang><languageCode value="por" Sync="TRUE"></languageCode><countryCode value="BRA" Sync="TRUE"></countryCode></dataLang><idCitation><resTitle Sync="TRUE">Rios e Cursos D'agua</resTitle><presForm><PresFormCd value="005" Sync="TRUE"></PresFormCd></presForm></idCitation><spatRpType><SpatRepTypCd value="001" Sync="TRUE"></SpatRepTypCd></spatRpType></dataIdInfo><mdLang><languageCode value="por" Sync="TRUE"></languageCode><countryCode value="BRA" Sync="TRUE"></countryCode></mdLang><mdChar><CharSetCd value="004" Sync="TRUE"></CharSetCd></mdChar><distInfo><distFormat><formatName Sync="TRUE">Shapefile</formatName></distFormat><distTranOps><transSize Sync="TRUE">0.000</transSize></distTranOps></distInfo><mdHrLv><ScopeCd value="005" Sync="TRUE"></ScopeCd></mdHrLv><mdHrLvName Sync="TRUE">dataset</mdHrLvName><refSysInfo><RefSystem><refSysID><identCode code="4674" Sync="TRUE"></identCode><idCodeSpace Sync="TRUE">EPSG</idCodeSpace><idVersion Sync="TRUE">6.11(9.2.0)</idVersion></refSysID></RefSystem></refSysInfo><spatRepInfo><VectSpatRep><geometObjs Name="Rios e Cursos D'agua"><geoObjTyp><GeoObjTypCd value="002" Sync="TRUE"></GeoObjTypCd></geoObjTyp><geoObjCnt Sync="TRUE">0</geoObjCnt></geometObjs><topLvl><TopoLevCd value="001" Sync="TRUE"></TopoLevCd></topLvl></VectSpatRep></spatRepInfo><spdoinfo><ptvctinf><esriterm Name="Rios e Cursos D'agua"><efeatyp Sync="TRUE">Simple</efeatyp><efeageom code="3" Sync="TRUE"></efeageom><esritopo Sync="TRUE">FALSE</esritopo><efeacnt Sync="TRUE">0</efeacnt><spindex Sync="TRUE">FALSE</spindex><linrefer Sync="TRUE">FALSE</linrefer></esriterm></ptvctinf></spdoinfo><eainfo><detailed Name="Rios e Cursos D'agua"><enttyp><enttypl Sync="TRUE">Rios e Cursos D'agua</enttypl><enttypt Sync="TRUE">Feature Class</enttypt><enttypc Sync="TRUE">0</enttypc></enttyp><attr><attrlabl Sync="TRUE">FID</attrlabl><attalias Sync="TRUE">FID</attalias><attrtype Sync="TRUE">OID</attrtype><attwidth Sync="TRUE">4</attwidth><atprecis Sync="TRUE">0</atprecis><attscale Sync="TRUE">0</attscale><attrdef Sync="TRUE">Internal feature number.</attrdef><attrdefs Sync="TRUE">Esri</attrdefs><attrdomv><udom Sync="TRUE">Sequential unique whole numbers that are automatically generated.</udom></attrdomv></attr><attr><attrlabl Sync="TRUE">Shape</attrlabl><attalias Sync="TRUE">Shape</attalias><attrtype Sync="TRUE">Geometry</attrtype><attwidth Sync="TRUE">0</attwidth><atprecis Sync="TRUE">0</atprecis><attscale Sync="TRUE">0</attscale><attrdef Sync="TRUE">Feature geometry.</attrdef><attrdefs Sync="TRUE">Esri</attrdefs><attrdomv><udom Sync="TRUE">Coordinates defining the features.</udom></attrdomv></attr><attr><attrlabl Sync="TRUE">objectid</attrlabl><attalias Sync="TRUE">objectid</attalias><attrtype Sync="TRUE">Integer</attrtype><attwidth Sync="TRUE">9</attwidth><atprecis Sync="TRUE">9</atprecis><attscale Sync="TRUE">0</attscale></attr><attr><attrlabl Sync="TRUE">id</attrlabl><attalias Sync="TRUE">id</attalias><attrtype Sync="TRUE">Integer</attrtype><attwidth Sync="TRUE">9</attwidth><atprecis Sync="TRUE">9</atprecis><attscale Sync="TRUE">0</attscale></attr><attr><attrlabl Sync="TRUE">vertices</attrlabl><attalias Sync="TRUE">vertices</attalias><attrtype Sync="TRUE">Integer</attrtype><attwidth Sync="TRUE">9</attwidth><atprecis Sync="TRUE">9</atprecis><attscale Sync="TRUE">0</attscale></attr><attr><attrlabl Sync="TRUE">ordem</attrlabl><attalias Sync="TRUE">ordem</attalias><attrtype Sync="TRUE">Integer</attrtype><attwidth Sync="TRUE">9</attwidth><atprecis Sync="TRUE">9</atprecis><attscale Sync="TRUE">0</attscale></attr><attr><attrlabl Sync="TRUE">flip</attrlabl><attalias Sync="TRUE">flip</attalias><attrtype Sync="TRUE">Integer</attrtype><attwidth Sync="TRUE">9</attwidth><atprecis Sync="TRUE">9</atprecis><attscale Sync="TRUE">0</attscale></attr><attr><attrlabl Sync="TRUE">del1</attrlabl><attalias Sync="TRUE">del1</attalias><attrtype Sync="TRUE">String</attrtype><attwidth Sync="TRUE">254</attwidth><atprecis Sync="TRUE">0</atprecis><attscale Sync="TRUE">0</attscale></attr><attr><attrlabl Sync="TRUE">shape_leng</attrlabl><attalias Sync="TRUE">shape_leng</attalias><attrtype Sync="TRUE">Double</attrtype><attwidth Sync="TRUE">19</attwidth><atprecis Sync="TRUE">18</atprecis><attscale Sync="TRUE">15</attscale></attr><attr><attrlabl Sync="TRUE">cotrecho</attrlabl><attalias Sync="TRUE">cotrecho</attalias><attrtype Sync="TRUE">Integer</attrtype><attwidth Sync="TRUE">9</attwidth><atprecis Sync="TRUE">9</atprecis><attscale Sync="TRUE">0</attscale></attr><attr><attrlabl Sync="TRUE">cocursodag</attrlabl><attalias Sync="TRUE">cocursodag</attalias><attrtype Sync="TRUE">String</attrtype><attwidth Sync="TRUE">254</attwidth><atprecis Sync="TRUE">0</atprecis><attscale Sync="TRUE">0</attscale></attr><attr><attrlabl Sync="TRUE">cobacia</attrlabl><attalias Sync="TRUE">cobacia</attalias><attrtype Sync="TRUE">String</attrtype><attwidth Sync="TRUE">254</attwidth><atprecis Sync="TRUE">0</atprecis><attscale Sync="TRUE">0</attscale></attr><attr><attrlabl Sync="TRUE">corio</attrlabl><attalias Sync="TRUE">corio</attalias><attrtype Sync="TRUE">String</attrtype><attwidth Sync="TRUE">254</attwidth><atprecis Sync="TRUE">0</atprecis><attscale Sync="TRUE">0</attscale></attr><attr><attrlabl Sync="TRUE">codom</attrlabl><attalias Sync="TRUE">codom</attalias><attrtype Sync="TRUE">Integer</attrtype><attwidth Sync="TRUE">9</attwidth><atprecis Sync="TRUE">9</atprecis><attscale Sync="TRUE">0</attscale></attr><attr><attrlabl Sync="TRUE">dedominial</attrlabl><attalias Sync="TRUE">dedominial</attalias><attrtype Sync="TRUE">String</attrtype><attwidth Sync="TRUE">254</attwidth><atprecis Sync="TRUE">0</atprecis><attscale Sync="TRUE">0</attscale></attr><attr><attrlabl Sync="TRUE">nucomptrec</attrlabl><attalias Sync="TRUE">nucomptrec</attalias><attrtype Sync="TRUE">Double</attrtype><attwidth Sync="TRUE">19</attwidth><atprecis Sync="TRUE">18</atprecis><attscale Sync="TRUE">15</attscale></attr><attr><attrlabl Sync="TRUE">nudistbact</attrlabl><attalias Sync="TRUE">nudistbact</attalias><attrtype Sync="TRUE">Double</attrtype><attwidth Sync="TRUE">19</attwidth><atprecis Sync="TRUE">18</atprecis><attscale Sync="TRUE">15</attscale></attr><attr><attrlabl Sync="TRUE">nudistcdag</attrlabl><attalias Sync="TRUE">nudistcdag</attalias><attrtype Sync="TRUE">Double</attrtype><attwidth Sync="TRUE">19</attwidth><atprecis Sync="TRUE">18</atprecis><attscale Sync="TRUE">15</attscale></attr><attr><attrlabl Sync="TRUE">nuareacont</attrlabl><attalias Sync="TRUE">nuareacont</attalias><attrtype Sync="TRUE">Double</attrtype><attwidth Sync="TRUE">19</attwidth><atprecis Sync="TRUE">18</atprecis><attscale Sync="TRUE">15</attscale></attr><attr><attrlabl Sync="TRUE">nuareamont</attrlabl><attalias Sync="TRUE">nuareamont</attalias><attrtype Sync="TRUE">Double</attrtype><attwidth Sync="TRUE">19</attwidth><atprecis Sync="TRUE">18</atprecis><attscale Sync="TRUE">15</attscale></attr><attr><attrlabl Sync="TRUE">nunivotto</attrlabl><attalias Sync="TRUE">nunivotto</attalias><attrtype Sync="TRUE">Integer</attrtype><attwidth Sync="TRUE">9</attwidth><atprecis Sync="TRUE">9</atprecis><attscale Sync="TRUE">0</attscale></attr><attr><attrlabl Sync="TRUE">dedirec</attrlabl><attalias Sync="TRUE">dedirec</attalias><attrtype Sync="TRUE">Integer</attrtype><attwidth Sync="TRUE">9</attwidth><atprecis Sync="TRUE">9</atprecis><attscale Sync="TRUE">0</attscale></attr><attr><attrlabl Sync="TRUE">decorpodag</attrlabl><attalias Sync="TRUE">decorpodag</attalias><attrtype Sync="TRUE">String</attrtype><attwidth Sync="TRUE">254</attwidth><atprecis Sync="TRUE">0</atprecis><attscale Sync="TRUE">0</attscale></attr><attr><attrlabl Sync="TRUE">deligacao</attrlabl><attalias Sync="TRUE">deligacao</attalias><attrtype Sync="TRUE">String</attrtype><attwidth Sync="TRUE">254</attwidth><atprecis Sync="TRUE">0</atprecis><attscale Sync="TRUE">0</attscale></attr><attr><attrlabl Sync="TRUE">norio</attrlabl><attalias Sync="TRUE">norio</attalias><attrtype Sync="TRUE">String</attrtype><attwidth Sync="TRUE">254</attwidth><atprecis Sync="TRUE">0</atprecis><attscale Sync="TRUE">0</attscale></attr><attr><attrlabl Sync="TRUE">noriocomp</attrlabl><attalias Sync="TRUE">noriocomp</attalias><attrtype Sync="TRUE">String</attrtype><attwidth Sync="TRUE">254</attwidth><atprecis Sync="TRUE">0</atprecis><attscale Sync="TRUE">0</attscale></attr><attr><attrlabl Sync="TRUE">nucomprio</attrlabl><attalias Sync="TRUE">nucomprio</attalias><attrtype Sync="TRUE">Double</attrtype><attwidth Sync="TRUE">19</attwidth><atprecis Sync="TRUE">18</atprecis><attscale Sync="TRUE">15</attscale></attr><attr><attrlabl Sync="TRUE">nudistbacr</attrlabl><attalias Sync="TRUE">nudistbacr</attalias><attrtype Sync="TRUE">Double</attrtype><attwidth Sync="TRUE">19</attwidth><atprecis Sync="TRUE">18</atprecis><attscale Sync="TRUE">15</attscale></attr><attr><attrlabl Sync="TRUE">cocdadesag</attrlabl><attalias Sync="TRUE">cocdadesag</attalias><attrtype Sync="TRUE">String</attrtype><attwidth Sync="TRUE">254</attwidth><atprecis Sync="TRUE">0</atprecis><attscale Sync="TRUE">0</attscale></attr><attr><attrlabl Sync="TRUE">nucompcda</attrlabl><attalias Sync="TRUE">nucompcda</attalias><attrtype Sync="TRUE">Double</attrtype><attwidth Sync="TRUE">19</attwidth><atprecis Sync="TRUE">18</atprecis><attscale Sync="TRUE">15</attscale></attr><attr><attrlabl Sync="TRUE">nutrjus</attrlabl><attalias Sync="TRUE">nutrjus</attalias><attrtype Sync="TRUE">Integer</attrtype><attwidth Sync="TRUE">9</attwidth><atprecis Sync="TRUE">9</atprecis><attscale Sync="TRUE">0</attscale></attr><attr><attrlabl Sync="TRUE">nutrmon</attrlabl><attalias Sync="TRUE">nutrmon</attalias><attrtype Sync="TRUE">Integer</attrtype><attwidth Sync="TRUE">9</attwidth><atprecis Sync="TRUE">9</atprecis><attscale Sync="TRUE">0</attscale></attr><attr><attrlabl Sync="TRUE">nutrafl</attrlabl><attalias Sync="TRUE">nutrafl</attalias><attrtype Sync="TRUE">Integer</attrtype><attwidth Sync="TRUE">9</attwidth><atprecis Sync="TRUE">9</atprecis><attscale Sync="TRUE">0</attscale></attr><attr><attrlabl Sync="TRUE">nudistbacc</attrlabl><attalias Sync="TRUE">nudistbacc</attalias><attrtype Sync="TRUE">Double</attrtype><attwidth Sync="TRUE">19</attwidth><atprecis Sync="TRUE">18</atprecis><attscale Sync="TRUE">15</attscale></attr><attr><attrlabl Sync="TRUE">nuareabacc</attrlabl><attalias Sync="TRUE">nuareabacc</attalias><attrtype Sync="TRUE">Double</attrtype><attwidth Sync="TRUE">19</attwidth><atprecis Sync="TRUE">18</atprecis><attscale Sync="TRUE">15</attscale></attr><attr><attrlabl Sync="TRUE">nuordemcda</attrlabl><attalias Sync="TRUE">nuordemcda</attalias><attrtype Sync="TRUE">Integer</attrtype><attwidth Sync="TRUE">9</attwidth><atprecis Sync="TRUE">9</atprecis><attscale Sync="TRUE">0</attscale></attr><attr><attrlabl Sync="TRUE">nunivotcda</attrlabl><attalias Sync="TRUE">nunivotcda</attalias><attrtype Sync="TRUE">Integer</attrtype><attwidth Sync="TRUE">9</attwidth><atprecis Sync="TRUE">9</atprecis><attscale Sync="TRUE">0</attscale></attr><attr><attrlabl Sync="TRUE">nulondetre</attrlabl><attalias Sync="TRUE">nulondetre</attalias><attrtype Sync="TRUE">Double</attrtype><attwidth Sync="TRUE">19</attwidth><atprecis Sync="TRUE">18</atprecis><attscale Sync="TRUE">15</attscale></attr><attr><attrlabl Sync="TRUE">nulatdetre</attrlabl><attalias Sync="TRUE">nulatdetre</attalias><attrtype Sync="TRUE">Double</attrtype><attwidth Sync="TRUE">19</attwidth><atprecis Sync="TRUE">18</atprecis><attscale Sync="TRUE">15</attscale></attr><attr><attrlabl Sync="TRUE">nulonpatre</attrlabl><attalias Sync="TRUE">nulonpatre</attalias><attrtype Sync="TRUE">Double</attrtype><attwidth Sync="TRUE">19</attwidth><atprecis Sync="TRUE">18</atprecis><attscale Sync="TRUE">15</attscale></attr><attr><attrlabl Sync="TRUE">nulatpatre</attrlabl><attalias Sync="TRUE">nulatpatre</attalias><attrtype Sync="TRUE">Double</attrtype><attwidth Sync="TRUE">19</attwidth><atprecis Sync="TRUE">18</atprecis><attscale Sync="TRUE">15</attscale></attr><attr><attrlabl Sync="TRUE">nulondecda</attrlabl><attalias Sync="TRUE">nulondecda</attalias><attrtype Sync="TRUE">Double</attrtype><attwidth Sync="TRUE">19</attwidth><atprecis Sync="TRUE">18</atprecis><attscale Sync="TRUE">15</attscale></attr><attr><attrlabl Sync="TRUE">nulatdecda</attrlabl><attalias Sync="TRUE">nulatdecda</attalias><attrtype Sync="TRUE">Double</attrtype><attwidth Sync="TRUE">19</attwidth><atprecis Sync="TRUE">18</atprecis><attscale Sync="TRUE">15</attscale></attr><attr><attrlabl Sync="TRUE">nulonpacda</attrlabl><attalias Sync="TRUE">nulonpacda</attalias><attrtype Sync="TRUE">Double</attrtype><attwidth Sync="TRUE">19</attwidth><atprecis Sync="TRUE">18</atprecis><attscale Sync="TRUE">15</attscale></attr><attr><attrlabl Sync="TRUE">nulatpacda</attrlabl><attalias Sync="TRUE">nulatpacda</attalias><attrtype Sync="TRUE">Double</attrtype><attwidth Sync="TRUE">19</attwidth><atprecis Sync="TRUE">18</atprecis><attscale Sync="TRUE">15</attscale></attr><attr><attrlabl Sync="TRUE">nulonderio</attrlabl><attalias Sync="TRUE">nulonderio</attalias><attrtype Sync="TRUE">Double</attrtype><attwidth Sync="TRUE">19</attwidth><atprecis Sync="TRUE">18</atprecis><attscale Sync="TRUE">15</attscale></attr><attr><attrlabl Sync="TRUE">nulatderio</attrlabl><attalias Sync="TRUE">nulatderio</attalias><attrtype Sync="TRUE">Double</attrtype><attwidth Sync="TRUE">19</attwidth><atprecis Sync="TRUE">18</atprecis><attscale Sync="TRUE">15</attscale></attr><attr><attrlabl Sync="TRUE">nulonpario</attrlabl><attalias Sync="TRUE">nulonpario</attalias><attrtype Sync="TRUE">Double</attrtype><attwidth Sync="TRUE">19</attwidth><atprecis Sync="TRUE">18</atprecis><attscale Sync="TRUE">15</attscale></attr><attr><attrlabl Sync="TRUE">nulatpario</attrlabl><attalias Sync="TRUE">nulatpario</attalias><attrtype Sync="TRUE">Double</attrtype><attwidth Sync="TRUE">19</attwidth><atprecis Sync="TRUE">18</atprecis><attscale Sync="TRUE">15</attscale></attr><attr><attrlabl Sync="TRUE">dtversao</attrlabl><attalias Sync="TRUE">dtversao</attalias><attrtype Sync="TRUE">String</attrtype><attwidth Sync="TRUE">254</attwidth><atprecis Sync="TRUE">0</atprecis><attscale Sync="TRUE">0</attscale></attr><attr><attrlabl Sync="TRUE">Nome_bacia</attrlabl><attalias Sync="TRUE">Nome_bacia</attalias><attrtype Sync="TRUE">String</attrtype><attwidth Sync="TRUE">50</attwidth><atprecis Sync="TRUE">0</atprecis><attscale Sync="TRUE">0</attscale></attr><attr><attrlabl Sync="TRUE">Download_S</attrlabl><attalias Sync="TRUE">Download_S</attalias><attrtype Sync="TRUE">String</attrtype><attwidth Sync="TRUE">250</attwidth><atprecis Sync="TRUE">0</atprecis><attscale Sync="TRUE">0</attscale></attr><attr><attrlabl Sync="TRUE">Download_k</attrlabl><attalias Sync="TRUE">Download_k</attalias><attrtype Sync="TRUE">String</attrtype><attwidth Sync="TRUE">250</attwidth><atprecis Sync="TRUE">0</atprecis><attscale Sync="TRUE">0</attscale></attr><attr><attrlabl Sync="TRUE">Datum_O</attrlabl><attalias Sync="TRUE">Datum_O</attalias><attrtype Sync="TRUE">String</attrtype><attwidth Sync="TRUE">250</attwidth><atprecis Sync="TRUE">0</atprecis><attscale Sync="TRUE">0</attscale></attr><attr><attrlabl Sync="TRUE">Datum_A</attrlabl><attalias Sync="TRUE">Datum_A</attalias><attrtype Sync="TRUE">String</attrtype><attwidth Sync="TRUE">250</attwidth><atprecis Sync="TRUE">0</atprecis><attscale Sync="TRUE">0</attscale></attr></detailed></eainfo><mdDateSt Sync="TRUE">20230508</mdDateSt></metadata>
